alpha,fit_intercept,train_acc,val_acc,test_acc
0.3,False,0.447825,0.3907,
0.3,True,0.4564,0.3963,0.3916
0.7,False,0.447775,0.3908,
0.7,True,0.45645,0.3962,
1.0,False,0.4479,0.3908,
1.0,True,0.456325,0.3957,
3.0,False,0.447925,0.3921,
3.0,True,0.456425,0.3958,
7.0,False,0.447775,0.3918,
7.0,True,0.4563,0.3956,
