alpha,fit_intercept,train_acc,val_acc,test_acc
0.3,False,0.4645,0.3933,
0.3,True,0.467475,0.3999,
0.7,False,0.46445,0.3942,
0.7,True,0.4674,0.4008,
1.0,False,0.46445,0.395,
1.0,True,0.4672,0.4007,
3.0,False,0.463675,0.3966,
3.0,True,0.465925,0.404,
7.0,False,0.46275,0.4002,
7.0,True,0.464725,0.4076,0.3985
